id;address_line_1;address_line_2;po;ps;city;state;pin
1;mindshare Interactions Versatile;Frozen Rubber line;navigating Sports;needs-based Passage;Toledo;PUNJAB;Cambridgeshire end-to-end
2;web-readiness copy;Chips purple;bypass microchip;Table invoice;Lenexa;MEGHALAYA;Designer the
3;solution policy Grove;Bike Timor-Leste grow;Account;Toys contextually-based Sausages;Port Ephraim;MIZORAM;Loan
4;program transmit HTTP;Gardens alarm;Neck quantifying object-oriented;azure optical Fresh;Wehnermouth;RAJASTHAN;Gorgeous
5;Account relationships deposit;Industrial out-of-the-box;Account microchip;Account Tasty;Port Gail;MADHYA_PRADESH;Architect
6;benchmark;Account;Personal calculating;Shoes;West Chelseyhaven;MADHYA_PRADESH;virtual
7;generating Computer;open-source Montana;analyzer;regional Regional withdrawal;Caguas;JAMMU_AND_KASHMIR;Investor back Computers
8;azure Extended copying;Practical Factors;visionary Soft olive;Anguilla;Beahanchester;UTTAR_PRADESH;Account sensor
9;Savings Shoes;digital;killer cyan;channels;West Jaylon;MANIPUR;Frozen Specialist Granite
10;Jewelery;up Kids;Industrial USB;solid;North Reganton;MANIPUR;Oklahoma system
